<?xml version="1.0" encoding="UTF-8"?><rss version="2.0"
	xmlns:content="http://purl.org/rss/1.0/modules/content/"
	xmlns:dc="http://purl.org/dc/elements/1.1/"
	xmlns:atom="http://www.w3.org/2005/Atom"
	xmlns:sy="http://purl.org/rss/1.0/modules/syndication/"
	
	>
<channel>
	<title>
	Comments on: Article 1	</title>
	<atom:link href="https://sshm-my-other-project.simplycdn.site/article-1/feed/" rel="self" type="application/rss+xml" />
	<link>https://sshm-my-other-project.simplycdn.site/article-1/</link>
	<description></description>
	<lastBuildDate>Fri, 24 Mar 2023 09:54:55 +0000</lastBuildDate>
	<sy:updatePeriod>
	hourly	</sy:updatePeriod>
	<sy:updateFrequency>
	1	</sy:updateFrequency>
	<generator>https://wordpress.org/?v=6.3.1</generator>
</channel>
</rss>
