<?xml version="1.0" encoding="UTF-8"?><rss version="2.0"
	xmlns:content="http://purl.org/rss/1.0/modules/content/"
	xmlns:wfw="http://wellformedweb.org/CommentAPI/"
	xmlns:dc="http://purl.org/dc/elements/1.1/"
	xmlns:atom="http://www.w3.org/2005/Atom"
	xmlns:sy="http://purl.org/rss/1.0/modules/syndication/"
	xmlns:slash="http://purl.org/rss/1.0/modules/slash/"
	>

<channel>
	<title>moyikahoja7349, Author at blue-eyed-bee-marpn.instawp.xyz</title>
	<atom:link href="https://sshm-my-other-project.simplycdn.site/author/moyikahoja7349/feed/" rel="self" type="application/rss+xml" />
	<link>https://us-tactics-giju.instawp.xyz/author/moyikahoja7349/</link>
	<description></description>
	<lastBuildDate>Tue, 25 Apr 2023 07:26:48 +0000</lastBuildDate>
	<language>en-US</language>
	<sy:updatePeriod>
	hourly	</sy:updatePeriod>
	<sy:updateFrequency>
	1	</sy:updateFrequency>
	<generator>https://wordpress.org/?v=6.3.1</generator>

<image>
	<url>https://sshm-my-other-project.simplycdn.site/wp-content/uploads/2023/03/simply-static-logo-150x72.png</url>
	<title>moyikahoja7349, Author at blue-eyed-bee-marpn.instawp.xyz</title>
	<link>https://us-tactics-giju.instawp.xyz/author/moyikahoja7349/</link>
	<width>32</width>
	<height>32</height>
</image> 
	<item>
		<title>Article 4</title>
		<link>https://sshm-my-other-project.simplycdn.site/article-4/</link>
					<comments>https://sshm-my-other-project.simplycdn.site/article-4/#respond</comments>
		
		<dc:creator><![CDATA[moyikahoja7349]]></dc:creator>
		<pubDate>Tue, 18 Apr 2023 13:27:33 +0000</pubDate>
				<category><![CDATA[Uncategorized]]></category>
		<guid isPermaLink="false">https://sshm-my-other-project.simplycdn.site/?p=96</guid>

					<description><![CDATA[<p>Lorem ipsum dolor sit amet, consetetur sadipscing elitr, sed diam nonumy eirmod tempor invidunt ut labore et dolore magna aliquyam erat, sed diam voluptua. At vero eos et accusam et justo duo dolores et ea rebum. Stet clita kasd gubergren, no sea takimata sanctus est Lorem ipsum dolor sit amet. Lorem ipsum dolor sit amet, [&#8230;]</p>
<p>The post <a rel="nofollow" href="https://sshm-my-other-project.simplycdn.site/article-4/">Article 4</a> appeared first on <a rel="nofollow" href="https://sshm-my-other-project.simplycdn.site/">blue-eyed-bee-marpn.instawp.xyz</a>.</p>
]]></description>
										<content:encoded><![CDATA[
<p>Lorem ipsum dolor sit amet, consetetur sadipscing elitr, sed diam nonumy eirmod tempor invidunt ut labore et dolore magna aliquyam erat, sed diam voluptua. At vero eos et accusam et justo duo dolores et ea rebum. Stet clita kasd gubergren, no sea takimata sanctus est Lorem ipsum dolor sit amet. Lorem ipsum dolor sit amet, consetetur sadipscing elitr, sed diam nonumy eirmod tempor invidunt ut labore et dolore magna aliquyam erat, sed diam voluptua. At vero eos et accusam et justo duo dolores et ea rebum. Stet clita kasd gubergren, no sea takimata sanctus est Lorem ipsum dolor sit amet.</p>



<p></p>
<p>The post <a rel="nofollow" href="https://sshm-my-other-project.simplycdn.site/article-4/">Article 4</a> appeared first on <a rel="nofollow" href="https://sshm-my-other-project.simplycdn.site/">blue-eyed-bee-marpn.instawp.xyz</a>.</p>
]]></content:encoded>
					
					<wfw:commentRss>https://sshm-my-other-project.simplycdn.site/article-4/feed/</wfw:commentRss>
			<slash:comments>0</slash:comments>
		
		
			</item>
		<item>
		<title>Article 3</title>
		<link>https://sshm-my-other-project.simplycdn.site/article-3/</link>
					<comments>https://sshm-my-other-project.simplycdn.site/article-3/#respond</comments>
		
		<dc:creator><![CDATA[moyikahoja7349]]></dc:creator>
		<pubDate>Fri, 24 Mar 2023 09:55:15 +0000</pubDate>
				<category><![CDATA[Uncategorized]]></category>
		<guid isPermaLink="false">https://sshm-my-other-project.simplycdn.site/?p=55</guid>

					<description><![CDATA[<p>Lorem ipsum dolor sit amet, consetetur sadipscing elitr, sed diam nonumy eirmod tempor invidunt ut labore et dolore magna aliquyam erat, sed diam voluptua. At vero eos et accusam et justo duo dolores et ea rebum. Stet clita kasd gubergren, no sea takimata sanctus est Lorem ipsum dolor sit amet. Lorem ipsum dolor sit amet, [&#8230;]</p>
<p>The post <a rel="nofollow" href="https://sshm-my-other-project.simplycdn.site/article-3/">Article 3</a> appeared first on <a rel="nofollow" href="https://sshm-my-other-project.simplycdn.site/">blue-eyed-bee-marpn.instawp.xyz</a>.</p>
]]></description>
										<content:encoded><![CDATA[
<p>Lorem ipsum dolor sit amet, consetetur sadipscing elitr, sed diam nonumy eirmod tempor invidunt ut labore et dolore magna aliquyam erat, sed diam voluptua. At vero eos et accusam et justo duo dolores et ea rebum. Stet clita kasd gubergren, no sea takimata sanctus est Lorem ipsum dolor sit amet. Lorem ipsum dolor sit amet, consetetur sadipscing elitr, sed diam nonumy eirmod tempor invidunt ut labore et dolore magna aliquyam erat, sed diam voluptua. At vero eos et accusam et justo duo dolores et ea rebum. Stet clita kasd gubergren, no sea takimata sanctus est Lorem ipsum dolor sit amet.</p>



<p>Lorem ipsum dolor sit amet, consetetur sadipscing elitr, sed diam nonumy eirmod tempor invidunt ut labore et dolore magna aliquyam erat, sed diam voluptua. At vero eos et accusam et justo duo dolores et ea rebum. Stet clita kasd gubergren, no sea takimata sanctus est Lorem ipsum dolor sit amet. Lorem ipsum dolor sit amet, consetetur sadipscing elitr, sed diam nonumy eirmod tempor invidunt ut labore et dolore magna aliquyam erat, sed diam voluptua. At vero eos et accusam et justo duo dolores et ea rebum. Stet clita kasd gubergren, no sea takimata sanctus est Lorem ipsum dolor sit amet.</p>
<p>The post <a rel="nofollow" href="https://sshm-my-other-project.simplycdn.site/article-3/">Article 3</a> appeared first on <a rel="nofollow" href="https://sshm-my-other-project.simplycdn.site/">blue-eyed-bee-marpn.instawp.xyz</a>.</p>
]]></content:encoded>
					
					<wfw:commentRss>https://sshm-my-other-project.simplycdn.site/article-3/feed/</wfw:commentRss>
			<slash:comments>0</slash:comments>
		
		
			</item>
		<item>
		<title>Article 2</title>
		<link>https://sshm-my-other-project.simplycdn.site/article-2/</link>
					<comments>https://sshm-my-other-project.simplycdn.site/article-2/#respond</comments>
		
		<dc:creator><![CDATA[moyikahoja7349]]></dc:creator>
		<pubDate>Fri, 24 Mar 2023 09:55:05 +0000</pubDate>
				<category><![CDATA[Uncategorized]]></category>
		<guid isPermaLink="false">https://sshm-my-other-project.simplycdn.site/?p=52</guid>

					<description><![CDATA[<p>Lorem ipsum dolor sit amet, consetetur sadipscing elitr, sed diam nonumy eirmod tempor invidunt ut labore et dolore magna aliquyam erat, sed diam voluptua. At vero eos et accusam et justo duo dolores et ea rebum. Stet clita kasd gubergren, no sea takimata sanctus est Lorem ipsum dolor sit amet. Lorem ipsum dolor sit amet, [&#8230;]</p>
<p>The post <a rel="nofollow" href="https://sshm-my-other-project.simplycdn.site/article-2/">Article 2</a> appeared first on <a rel="nofollow" href="https://sshm-my-other-project.simplycdn.site/">blue-eyed-bee-marpn.instawp.xyz</a>.</p>
]]></description>
										<content:encoded><![CDATA[
<p>Lorem ipsum dolor sit amet, consetetur sadipscing elitr, sed diam nonumy eirmod tempor invidunt ut labore et dolore magna aliquyam erat, sed diam voluptua. At vero eos et accusam et justo duo dolores et ea rebum. Stet clita kasd gubergren, no sea takimata sanctus est Lorem ipsum dolor sit amet. Lorem ipsum dolor sit amet, consetetur sadipscing elitr, sed diam nonumy eirmod tempor invidunt ut labore et dolore magna aliquyam erat, sed diam voluptua. At vero eos et accusam et justo duo dolores et ea rebum. Stet clita kasd gubergren, no sea takimata sanctus est Lorem ipsum dolor sit amet.</p>



<p>Lorem ipsum dolor sit amet, consetetur sadipscing elitr, sed diam nonumy eirmod tempor invidunt ut labore et dolore magna aliquyam erat, sed diam voluptua. At vero eos et accusam et justo duo dolores et ea rebum. Stet clita kasd gubergren, no sea takimata sanctus est Lorem ipsum dolor sit amet. Lorem ipsum dolor sit amet, consetetur sadipscing elitr, sed diam nonumy eirmod tempor invidunt ut labore et dolore magna aliquyam erat, sed diam voluptua. At vero eos et accusam et justo duo dolores et ea rebum. Stet clita kasd gubergren, no sea takimata sanctus est Lorem ipsum dolor sit amet.</p>
<p>The post <a rel="nofollow" href="https://sshm-my-other-project.simplycdn.site/article-2/">Article 2</a> appeared first on <a rel="nofollow" href="https://sshm-my-other-project.simplycdn.site/">blue-eyed-bee-marpn.instawp.xyz</a>.</p>
]]></content:encoded>
					
					<wfw:commentRss>https://sshm-my-other-project.simplycdn.site/article-2/feed/</wfw:commentRss>
			<slash:comments>0</slash:comments>
		
		
			</item>
		<item>
		<title>Article 1</title>
		<link>https://sshm-my-other-project.simplycdn.site/article-1/</link>
					<comments>https://sshm-my-other-project.simplycdn.site/article-1/#respond</comments>
		
		<dc:creator><![CDATA[moyikahoja7349]]></dc:creator>
		<pubDate>Fri, 24 Mar 2023 09:54:55 +0000</pubDate>
				<category><![CDATA[Uncategorized]]></category>
		<guid isPermaLink="false">https://sshm-my-other-project.simplycdn.site/?p=49</guid>

					<description><![CDATA[<p>Lorem ipsum dolor sit amet, consetetur sadipscing elitr, sed diam nonumy eirmod tempor invidunt ut labore et dolore magna aliquyam erat, sed diam voluptua. At vero eos et accusam et justo duo dolores et ea rebum. Stet clita kasd gubergren, no sea takimata sanctus est Lorem ipsum dolor sit amet. Lorem ipsum dolor sit amet, [&#8230;]</p>
<p>The post <a rel="nofollow" href="https://sshm-my-other-project.simplycdn.site/article-1/">Article 1</a> appeared first on <a rel="nofollow" href="https://sshm-my-other-project.simplycdn.site/">blue-eyed-bee-marpn.instawp.xyz</a>.</p>
]]></description>
										<content:encoded><![CDATA[
<p>Lorem ipsum dolor sit amet, consetetur sadipscing elitr, sed diam nonumy eirmod tempor invidunt ut labore et dolore magna aliquyam erat, sed diam voluptua. At vero eos et accusam et justo duo dolores et ea rebum. Stet clita kasd gubergren, no sea takimata sanctus est Lorem ipsum dolor sit amet. Lorem ipsum dolor sit amet, consetetur sadipscing elitr, sed diam nonumy eirmod tempor invidunt ut labore et dolore magna aliquyam erat, sed diam voluptua. At vero eos et accusam et justo duo dolores et ea rebum. Stet clita kasd gubergren, no sea takimata sanctus est Lorem ipsum dolor sit amet.</p>



<p>Lorem ipsum dolor sit amet, consetetur sadipscing elitr, sed diam nonumy eirmod tempor invidunt ut labore et dolore magna aliquyam erat, sed diam voluptua. At vero eos et accusam et justo duo dolores et ea rebum. Stet clita kasd gubergren, no sea takimata sanctus est Lorem ipsum dolor sit amet. Lorem ipsum dolor sit amet, consetetur sadipscing elitr, sed diam nonumy eirmod tempor invidunt ut labore et dolore magna aliquyam erat, sed diam voluptua. At vero eos et accusam et justo duo dolores et ea rebum. Stet clita kasd gubergren, no sea takimata sanctus est Lorem ipsum dolor sit amet.</p>
<p>The post <a rel="nofollow" href="https://sshm-my-other-project.simplycdn.site/article-1/">Article 1</a> appeared first on <a rel="nofollow" href="https://sshm-my-other-project.simplycdn.site/">blue-eyed-bee-marpn.instawp.xyz</a>.</p>
]]></content:encoded>
					
					<wfw:commentRss>https://sshm-my-other-project.simplycdn.site/article-1/feed/</wfw:commentRss>
			<slash:comments>0</slash:comments>
		
		
			</item>
	</channel>
</rss>
